{
  "HTTP Request-1" : {
    "transaction" : "HTTP Request-1",
    "sampleCount" : 1,
    "errorCount" : 0,
    "errorPct" : 0.0,
    "meanResTime" : 1516.0,
    "medianResTime" : 1516.0,
    "minResTime" : 1516.0,
    "maxResTime" : 1516.0,
    "pct1ResTime" : 1516.0,
    "pct2ResTime" : 1516.0,
    "pct3ResTime" : 1516.0,
    "throughput" : 0.6596306068601583,
    "receivedKBytesPerSec" : 8.639614940633246,
    "sentKBytesPerSec" : 0.07601212071240106
  },
  "Total" : {
    "transaction" : "Total",
    "sampleCount" : 3,
    "errorCount" : 0,
    "errorPct" : 0.0,
    "meanResTime" : 1382.6666666666667,
    "medianResTime" : 1516.0,
    "minResTime" : 557.0,
    "maxResTime" : 2075.0,
    "pct1ResTime" : 2075.0,
    "pct2ResTime" : 2075.0,
    "pct3ResTime" : 2075.0,
    "throughput" : 1.4457831325301205,
    "receivedKBytesPerSec" : 13.143825301204819,
    "sentKBytesPerSec" : 0.22213855421686746
  },
  "HTTP Request-0" : {
    "transaction" : "HTTP Request-0",
    "sampleCount" : 1,
    "errorCount" : 0,
    "errorPct" : 0.0,
    "meanResTime" : 557.0,
    "medianResTime" : 557.0,
    "minResTime" : 557.0,
    "maxResTime" : 557.0,
    "pct1ResTime" : 557.0,
    "pct2ResTime" : 557.0,
    "pct3ResTime" : 557.0,
    "throughput" : 1.7953321364452424,
    "receivedKBytesPerSec" : 0.9677962298025133,
    "sentKBytesPerSec" : 0.2068839766606822
  },
  "HTTP Request" : {
    "transaction" : "HTTP Request",
    "sampleCount" : 1,
    "errorCount" : 0,
    "errorPct" : 0.0,
    "meanResTime" : 2075.0,
    "medianResTime" : 2075.0,
    "minResTime" : 2075.0,
    "maxResTime" : 2075.0,
    "pct1ResTime" : 2075.0,
    "pct2ResTime" : 2075.0,
    "pct3ResTime" : 2075.0,
    "throughput" : 0.4819277108433735,
    "receivedKBytesPerSec" : 6.5719126506024095,
    "sentKBytesPerSec" : 0.11106927710843373
  }
}