{
  "HTTP Request-1" : {
    "transaction" : "HTTP Request-1",
    "sampleCount" : 1,
    "errorCount" : 0,
    "errorPct" : 0.0,
    "meanResTime" : 1545.0,
    "medianResTime" : 1545.0,
    "minResTime" : 1545.0,
    "maxResTime" : 1545.0,
    "pct1ResTime" : 1545.0,
    "pct2ResTime" : 1545.0,
    "pct3ResTime" : 1545.0,
    "throughput" : 0.6472491909385113,
    "receivedKBytesPerSec" : 8.477447411003237,
    "sentKBytesPerSec" : 0.07458535598705501
  },
  "Total" : {
    "transaction" : "Total",
    "sampleCount" : 3,
    "errorCount" : 0,
    "errorPct" : 0.0,
    "meanResTime" : 1401.3333333333333,
    "medianResTime" : 1545.0,
    "minResTime" : 556.0,
    "maxResTime" : 2103.0,
    "pct1ResTime" : 2103.0,
    "pct2ResTime" : 2103.0,
    "pct3ResTime" : 2103.0,
    "throughput" : 1.4265335235378032,
    "receivedKBytesPerSec" : 12.968824298621016,
    "sentKBytesPerSec" : 0.21918093200190203
  },
  "HTTP Request-0" : {
    "transaction" : "HTTP Request-0",
    "sampleCount" : 1,
    "errorCount" : 0,
    "errorPct" : 0.0,
    "meanResTime" : 556.0,
    "medianResTime" : 556.0,
    "minResTime" : 556.0,
    "maxResTime" : 556.0,
    "pct1ResTime" : 556.0,
    "pct2ResTime" : 556.0,
    "pct3ResTime" : 556.0,
    "throughput" : 1.7985611510791368,
    "receivedKBytesPerSec" : 0.969536870503597,
    "sentKBytesPerSec" : 0.20725607014388486
  },
  "HTTP Request" : {
    "transaction" : "HTTP Request",
    "sampleCount" : 1,
    "errorCount" : 0,
    "errorPct" : 0.0,
    "meanResTime" : 2103.0,
    "medianResTime" : 2103.0,
    "minResTime" : 2103.0,
    "maxResTime" : 2103.0,
    "pct1ResTime" : 2103.0,
    "pct2ResTime" : 2103.0,
    "pct3ResTime" : 2103.0,
    "throughput" : 0.47551117451260105,
    "receivedKBytesPerSec" : 6.484412149310508,
    "sentKBytesPerSec" : 0.10959046600095101
  }
}