{
  "HTTP Request-1" : {
    "transaction" : "HTTP Request-1",
    "sampleCount" : 1,
    "errorCount" : 0,
    "errorPct" : 0.0,
    "meanResTime" : 1630.0,
    "medianResTime" : 1630.0,
    "minResTime" : 1630.0,
    "maxResTime" : 1630.0,
    "pct1ResTime" : 1630.0,
    "pct2ResTime" : 1630.0,
    "pct3ResTime" : 1630.0,
    "throughput" : 0.6134969325153374,
    "receivedKBytesPerSec" : 8.035371932515337,
    "sentKBytesPerSec" : 0.07069593558282208
  },
  "Total" : {
    "transaction" : "Total",
    "sampleCount" : 3,
    "errorCount" : 0,
    "errorPct" : 0.0,
    "meanResTime" : 1521.6666666666667,
    "medianResTime" : 1630.0,
    "minResTime" : 652.0,
    "maxResTime" : 2283.0,
    "pct1ResTime" : 2283.0,
    "pct2ResTime" : 2283.0,
    "pct3ResTime" : 2283.0,
    "throughput" : 1.314060446780552,
    "receivedKBytesPerSec" : 11.946315155497153,
    "sentKBytesPerSec" : 0.20189991239597022
  },
  "HTTP Request-0" : {
    "transaction" : "HTTP Request-0",
    "sampleCount" : 1,
    "errorCount" : 0,
    "errorPct" : 0.0,
    "meanResTime" : 652.0,
    "medianResTime" : 652.0,
    "minResTime" : 652.0,
    "maxResTime" : 652.0,
    "pct1ResTime" : 652.0,
    "pct2ResTime" : 652.0,
    "pct3ResTime" : 652.0,
    "throughput" : 1.5337423312883436,
    "receivedKBytesPerSec" : 0.8267829754601227,
    "sentKBytesPerSec" : 0.1767398389570552
  },
  "HTTP Request" : {
    "transaction" : "HTTP Request",
    "sampleCount" : 1,
    "errorCount" : 0,
    "errorPct" : 0.0,
    "meanResTime" : 2283.0,
    "medianResTime" : 2283.0,
    "minResTime" : 2283.0,
    "maxResTime" : 2283.0,
    "pct1ResTime" : 2283.0,
    "pct2ResTime" : 2283.0,
    "pct3ResTime" : 2283.0,
    "throughput" : 0.43802014892685065,
    "receivedKBytesPerSec" : 5.973157577748577,
    "sentKBytesPerSec" : 0.10094995619798511
  }
}